[{
  "_id": {
    "$oid": "6502fd9e45f3e23fc7b9715e"
  },
  "title": "IT Systems Administrator",
  "employer": "Airnorth",
  "createddate": "01/09/2023",
  "closedate": "30/09/2023",
  "imageUrl": "photo/logo.png",
  "adcontent": "The IT Systems Administrator – Level 3 provides leadership, strategic direction and expert advice in the design, implementation, maintenance, delivery and support of the Airnorth IT&C infrastructure and systems"
},
{
  "_id": {
    "$oid": "6502fdba45f3e23fc7b9715f"
  },
  "title": "ICT Technical Officer",
  "employer": "OnTalent Pty Ltd",
  "createddate": "01/07/2023",
  "closedate": "30/07/2023",
  "imageUrl": "photo/logo.png",
  "adcontent": "The IT Systems Administrator – Level 3 provides leadership, strategic direction and expert advice in the design, implementation, maintenance, delivery and support of the Airnorth IT&C infrastructure and systems"
},
{
  "_id": {
    "$oid": "6502fdd845f3e23fc7b97160"
  },
  "title": "Junior I.T. System Administrator",
  "employer": "Bell Potter Securities Ltd",
  "createddate": "01/08/2023",
  "closedate": "30/08/2023",
  "imageUrl": "photo/logo.png",
  "adcontent": "The IT Systems Administrator – Level 3 provides leadership, strategic direction and expert advice in the design, implementation, maintenance, delivery and support of the Airnorth IT&C infrastructure and systems"
},
{
  "_id": {
    "$oid": "6502fdf645f3e23fc7b97161"
  },
  "title": "Desktop Support Officer",
  "employer": "Alpine Resorts Victoria",
  "createddate": "14/09/2023",
  "closedate": "30/10/2023",
  "imageUrl": "photo/logo.png",
  "adcontent": "The IT Systems Administrator – Level 3 provides leadership, strategic direction and expert advice in the design, implementation, maintenance, delivery and support of the Airnorth IT&C infrastructure and systems"
}]