[
  {
    "title": "System Admin",
    "employer": "Blizzard Entertainment, Inc",
    "createddate": "01/07/2023",
    "closedate": "30/07/2023",
    "imageUrl": "Photo/handshake.jpg",
    "adcontent": "is simply dummy text of the printing and typesetting industry. Lorem Ipsum has been the industry's standard dummy text ever since the 1500s, when an unknown printer took a galley of type and scrambled it to make a type specimen book. It has survived not only five centuries, but also the leap into electronic typesetting, remaining essentially unchanged. It was popularised in the 1960s with the release of Letraset sheets containing"
  },
  {
    "title": "Network Admin",
    "employer": "Entertainment, Inc",
    "createddate": "01/08/2023",
    "closedate": "30/08/2023",
    "imageUrl": "Photo/handshake.jpg",
    "adcontent": "is simply dummy text of the printing and typesetting industry. Lorem Ipsum has been the industry's standard dummy text ever since the 1500s, when an unknown printer took a galley of type and scrambled it to make a type specimen book. It has survived not only five centuries, but also the leap into electronic typesetting, remaining essentially unchanged. It was popularised in the 1960s with the release of Letraset sheets containing"
  }
]
